<?xml version="1.0" encoding="UTF-8"?>
<!DOCTYPE configuremap [
  <!ELEMENT configuremap (configure)+>
  <!ATTLIST configuremap xmlns CDATA #FIXED ''>
  <!ELEMENT configure EMPTY>
  <!ATTLIST configure xmlns CDATA #FIXED '' name NMTOKEN #REQUIRED
    value CDATA #REQUIRED>
]>
<!--
  ImageMagick build configuration.
-->
<configuremap>
  <configure name="CC" value="gcc"/>
  <configure name="CFLAGS" value="-I/usr/include/libpng15   -I/usr/include/openjpeg-2.4      -fopenmp -Os -Wall -mtune=westmere -fexceptions -pthread -DMAGICKCORE_HDRI_ENABLE=1 -DMAGICKCORE_QUANTUM_DEPTH=16"/>
  <configure name="CODER_PATH" value="/opt/lib/ImageMagick-7.0.10/modules-Q16HDRI/coders"/>
  <configure name="CONFIGURE_PATH" value="/opt/etc/ImageMagick-7/"/>
  <configure name="CONFIGURE" value="./configure  '--prefix=/opt' 'CFLAGS=-Os' 'CXXFLAGS=-Os'"/>
  <configure name="COPYRIGHT" value="Copyright (C) 1999-2020 ImageMagick Studio LLC"/>
  <configure name="CPPFLAGS" value="-I/opt/include/ImageMagick-7"/>
  <configure name="CXXFLAGS" value="-Os -pthread"/>
  <configure name="CXX" value="g++"/>
  <configure name="DEFS" value="-DHAVE_CONFIG_H"/>
  <configure name="DELEGATES" value="mpeg jng jpeg openjp2 png ps tiff zlib"/>
  <configure name="DISTCHECK_CONFIG_FLAGS" value="'CFLAGS=-Os'  --disable-deprecated  --with-quantum-depth=16  --with-jemalloc=no  --with-umem=no  --with-autotrace=no  --with-gslib=no  --with-fontpath=  --with-rsvg=no  --with-perl=no "/>
  <configure name="DOCUMENTATION_PATH" value="/opt/share/doc/ImageMagick-7"/>
  <configure name="EXEC-PREFIX" value="/opt"/>
  <configure name="EXECUTABLE_PATH" value="/opt/bin"/>
  <configure name="FEATURES" value="DPC HDRI Cipher OpenMP"/>
  <configure name="FILTER_PATH" value="/opt/lib/ImageMagick-7.0.10/modules-Q16HDRI/filters"/>
  <configure name="GIT_REVISION" value="17144:190be101c:20200405" />
  <configure name="HOST" value="x86_64-pc-linux-gnu"/>
  <configure name="INCLUDE_PATH" value="/opt/include/ImageMagick-7"/>
  <configure name="LDFLAGS" value="-L/opt/lib "/>
  <configure name="LIBRARY_PATH" value="/opt/lib/ImageMagick-7.0.10"/>
  <configure name="LIBS" value="   -ltiff   -ljpeg    -lpng15                     -lopenjp2        -lz       -lm      -lgomp"/>
  <configure name="LIB_VERSION_NUMBER" value="7,0,10,6"/>
  <configure name="LIB_VERSION" value="0x70A"/>
  <configure name="NAME" value="ImageMagick"/>
  <configure name="PCFLAGS" value="-fopenmp -DMAGICKCORE_HDRI_ENABLE=1 -DMAGICKCORE_QUANTUM_DEPTH=16"/>
  <configure name="PREFIX" value="/opt"/>
  <configure name="QuantumDepth" value="16"/>
  <configure name="RELEASE_DATE" value="2024-09-05"/>
  <configure name="SHAREARCH_PATH" value="/opt/lib/ImageMagick-7.0.10/config-Q16HDRI"/>
  <configure name="SHARE_PATH" value="/opt/share/ImageMagick-7"/>
  <configure name="TARGET_CPU" value="x86_64"/>
  <configure name="TARGET_OS" value="linux-gnu"/>
  <configure name="TARGET_VENDOR" value="pc"/>
  <configure name="VERSION" value="7.0.10"/>
  <configure name="WEBSITE" value="https://imagemagick.org"/>
</configuremap>
