<?xml version="1.0" encoding="UTF-8"?>
<!DOCTYPE delegatemap [
  <!ELEMENT delegatemap (delegate)+>
  <!ATTLIST delegatemap xmlns CDATA #FIXED ''>
  <!ELEMENT delegate EMPTY>
  <!ATTLIST delegate xmlns CDATA #FIXED '' command CDATA #REQUIRED
    decode NMTOKEN #IMPLIED encode NMTOKEN #IMPLIED mode NMTOKEN #IMPLIED
    spawn NMTOKEN #IMPLIED stealth NMTOKEN #IMPLIED>
]>
<!--
  Delegate command file.

  Commands which specify

    decode="in_format" encode="out_format"

  specify the rules for converting from in_format to out_format.  Use these
  rules to translate directly between formats.

  Commands which specify only

    decode="in_format"

  specify the rules for converting from in_format to some format that
  ImageMagick automatically recognizes. Use these rules to decode formats.

  Commands which specify only

   encode="out_format"

  specify the rules for an "encoder" which may accept any input format.

  The substitution rules are as follows:

    %a  authentication passphrase
    %b  image file size in bytes
    %g  image geometry
    %h  image rows (height)
    %i  input image filename
    %#  input image signature
    %m  input image format
    %o  output image filename
    %p  page number
    %q  input image depth
    %s  scene number
    %u  unique temporary filename
    %w  image columns (width)
    %x  input image x resolution
    %y  input image y resolution

  Set option delegate:bimodal=true to process bimodal delegates otherwise they
  are ignored.

  If stealth="True" the delegate is not listed in user requested
  "-list delegate" listings. These are typically special internal delegates.

  If spawn="True", ImageMagick does not wait for the delegate to finish, nor
  will it read any output image.
-->
<delegatemap>
  <delegate decode="bpg" command="&quot;bpgdec&quot; -b 16 -o &quot;%o.png&quot; &quot;%i&quot;; /usr/bin//mv &quot;%o.png&quot; &quot;%o&quot;"/>
  <delegate decode="png" encode="bpg" command="&quot;bpgenc&quot; -b 12 -q &quot;%~&quot; -o &quot;%o&quot; &quot;%i&quot;"/>
  <delegate decode="blender" command="&quot;blender&quot; -b &quot;%i&quot; -F PNG -o &quot;%o&quot;&quot;\n&quot;magick&quot; convert -concatenate &quot;%o*.png&quot; &quot;%o&quot;"/>
  <delegate decode="browse" stealth="True" spawn="True" command="&quot;xdg-open&quot; https://imagemagick.org/; /usr/bin//rm &quot;%i&quot;"/>
  <delegate decode="cdr" command="&quot;uniconvertor&quot; &quot;%i&quot; &quot;%o.svg&quot;; /usr/bin//mv &quot;%o.svg&quot; &quot;%o&quot;"/>
  <delegate decode="cgm" command="&quot;uniconvertor&quot; &quot;%i&quot; &quot;%o.svg&quot;; /usr/bin//mv &quot;%o.svg&quot; &quot;%o&quot;"/>
  <delegate decode="https:decode" command="&quot;curl&quot; -s -k -L -o &quot;%u.dat&quot; &quot;https:%M&quot;"/>
  <delegate decode="doc" command="&quot;soffice&quot; --convert-to pdf -outdir `dirname &quot;%i&quot;` &quot;%i&quot; 2&gt; &quot;%u&quot;; /usr/bin//mv &quot;%i.pdf&quot; &quot;%o&quot;"/>
  <delegate decode="docx" command="&quot;soffice&quot; --convert-to pdf -outdir `dirname &quot;%i&quot;` &quot;%i&quot; 2&gt; &quot;%u&quot;; /usr/bin//mv &quot;%i.pdf&quot; &quot;%o&quot;"/>
  <delegate decode="dng:decode" command="&quot;ufraw-batch&quot; --silent --create-id=also --out-type=png --out-depth=16 &quot;--output=%u.png&quot; &quot;%i&quot;"/>
  <delegate decode="dot" command="&quot;dot&quot; -Tsvg &quot;%i&quot; -o &quot;%o&quot;" />
  <delegate decode="dvi" command="&quot;dvips&quot; -sstdout=%%stderr -o &quot;%o&quot; &quot;%i&quot;"/>
  <delegate decode="dxf" command="&quot;uniconvertor&quot; &quot;%i&quot; &quot;%o.svg&quot;; /usr/bin//mv &quot;%o.svg&quot; &quot;%o&quot;"/>
  <delegate decode="edit" stealth="True" command="&quot;xterm&quot; -title &quot;Edit Image Comment&quot; -e vi &quot;%o&quot;"/>
  <delegate decode="eps" encode="pdf" mode="bi" command="&quot;gs&quot; -sstdout=%%stderr -dQUIET -dSAFER -dBATCH -dNOPAUSE -dNOPROMPT -dMaxBitmap=500000000 &quot;-sDEVICE=pdfwrite&quot; &quot;-sOutputFile=%o&quot; &quot;-f%i&quot;"/>
  <delegate decode="eps" encode="ps" mode="bi" command="&quot;gs&quot; -sstdout=%%stderr -dQUIET -dSAFER -dBATCH -dNOPAUSE -dNOPROMPT -dMaxBitmap=500000000 -dAlignToPixels=0 -dGridFitTT=2 &quot;-sDEVICE=ps2write&quot; &quot;-sOutputFile=%o&quot; &quot;-f%i&quot;"/>
  <delegate decode="fig" command="&quot;uniconvertor&quot; &quot;%i&quot; &quot;%o.svg&quot;; /usr/bin//mv &quot;%o.svg&quot; &quot;%o&quot;"/>
  <delegate decode="hpg" command="&quot;hp2xx&quot; -sstdout=%%stderr -m eps -f `basename &quot;%o&quot;` &quot;%i&quot;;     /usr/bin//mv -f `basename &quot;%o&quot;` &quot;%o&quot;"/>
  <delegate decode="hpgl" command="&quot;hp2xx&quot; -sstdout=%%stderr -m eps -f `basename &quot;%o&quot;` &quot;%i&quot;;     /usr/bin//mv -f `basename &quot;%o&quot;` &quot;%o&quot;"/>
  <delegate decode="htm" command="&quot;html2ps&quot; -U -o &quot;%o&quot; &quot;%i&quot;"/>
  <delegate decode="html" command="&quot;html2ps&quot; -U -o &quot;%o&quot; &quot;%i&quot;"/>
  <delegate decode="ilbm" command="&quot;ilbmtoppm&quot; &quot;%i&quot; &gt; &quot;%o&quot;"/>
  <delegate decode="jpg" encode="lep" mode="encode" command="&quot;lepton&quot; &quot;%i&quot; &quot;%o&quot;"/>
  <delegate decode="jxr" command="/usr/bin//mv &quot;%i&quot; &quot;%i.jxr&quot;; &quot;JxrDecApp&quot; -i &quot;%i.jxr&quot; -o &quot;%o.pnm&quot;; /usr/bin//mv &quot;%i.jxr&quot; &quot;%i&quot;; /usr/bin//mv &quot;%o.pnm&quot; &quot;%o&quot;"/>
  <delegate decode="lep" mode="decode" command="&quot;lepton&quot; &quot;%i&quot; &quot;%o&quot;"/>
  <delegate decode="miff" encode="show" spawn="True" command="&quot;magick&quot; display -immutable -delay 0 -title &quot;%M&quot; &quot;%i&quot;"/>
  <delegate decode="miff" encode="win" stealth="True" spawn="True" command="&quot;magick&quot; display -immutable -delay 0 -title &quot;%M&quot; &quot;%i&quot;"/>
  <delegate decode="mpeg:decode" command="&quot;ffmpeg&quot; -nostdin -v -1 -i &quot;%i&quot; -vframes %S -vcodec pam -an -f rawvideo -y &quot;%u.pam&quot; 2&gt; &quot;%u&quot;"/>
  <delegate decode="odt" command="&quot;soffice&quot; --convert-to pdf -outdir `dirname &quot;%i&quot;` &quot;%i&quot; 2&gt; &quot;%u&quot;; /usr/bin//mv &quot;%i.pdf&quot; &quot;%o&quot;"/>
  <delegate decode="pcl:cmyk" stealth="True" command="&quot;pcl6&quot; -dQUIET -dSAFER -dBATCH -dNOPAUSE -dNOPROMPT -dMaxBitmap=500000000 -dAlignToPixels=0 -dGridFitTT=2 &quot;-sDEVICE=pamcmyk32&quot; -dTextAlphaBits=%u -dGraphicsAlphaBits=%u &quot;-r%s&quot; %s &quot;-sOutputFile=%s&quot; &quot;%s&quot;"/>
  <delegate decode="pcl:color" stealth="True" command="&quot;pcl6&quot; -dQUIET -dSAFER -dBATCH -dNOPAUSE -dNOPROMPT -dMaxBitmap=500000000 -dAlignToPixels=0 -dGridFitTT=2 &quot;-sDEVICE=ppmraw&quot; -dTextAlphaBits=%u -dGraphicsAlphaBits=%u &quot;-r%s&quot; %s &quot;-sOutputFile=%s&quot; &quot;%s&quot;"/>
  <delegate decode="pcl:mono" stealth="True" command="&quot;pcl6&quot; -dQUIET -dSAFER -dBATCH -dNOPAUSE -dNOPROMPT -dMaxBitmap=500000000 -dAlignToPixels=0 -dGridFitTT=2 &quot;-sDEVICE=pbmraw&quot; -dTextAlphaBits=%u -dGraphicsAlphaBits=%u &quot;-r%s&quot; %s &quot;-sOutputFile=%s&quot; &quot;%s&quot;"/>
  <delegate decode="pdf" encode="eps" mode="bi" command="&quot;gs&quot; -sstdout=%%stderr -dQUIET -dSAFER -dBATCH -dNOPAUSE -dNOPROMPT -dMaxBitmap=500000000 -dAlignToPixels=0 -dGridFitTT=2 -sPDFPassword=&quot;%a&quot; &quot;-sDEVICE=epswrite&quot; &quot;-sOutputFile=%o&quot; &quot;-f%i&quot;"/>
  <delegate decode="pdf" encode="ps" mode="bi" command="&quot;gs&quot; -sstdout=%%stderr -dQUIET -dSAFER -dBATCH -dNOPAUSE -dNOPROMPT -dMaxBitmap=500000000 -dAlignToPixels=0 -dGridFitTT=2 &quot;-sDEVICE=ps2write&quot; -sPDFPassword=&quot;%a&quot; &quot;-sOutputFile=%o&quot; &quot;-f%i&quot;"/>
  <delegate decode="pnm" encode="trace" command="&quot;potrace&quot; --svg --output &quot;%o&quot; &quot;%i&quot;"/>
  <delegate decode="png" encode="webp" command="&quot;cwebp&quot; -quiet %Q &quot;%i&quot; -o &quot;%o&quot;"/>
  <delegate decode="pnm" encode="ilbm" mode="encode" command="&quot;ppmtoilbm&quot; -24if &quot;%i&quot; &gt; &quot;%o&quot;"/>
  <delegate decode="bmp" encode="jxr" command="/usr/bin//mv &quot;%i&quot; &quot;%i.bmp&quot;; &quot;JxrEncApp&quot; -i &quot;%i.bmp&quot; -o &quot;%o.jxr&quot;; /usr/bin//mv &quot;%i.bmp&quot; &quot;%i&quot;; /usr/bin//mv &quot;%o.jxr&quot; &quot;%o&quot;"/>
  <delegate decode="bmp" encode="wdp" command="/usr/bin//mv &quot;%i&quot; &quot;%i.bmp&quot;; &quot;JxrEncApp&quot; -i &quot;%i.bmp&quot; -o &quot;%o.jxr&quot;; /usr/bin//mv &quot;%i.bmp&quot; &quot;%i&quot;; /usr/bin//mv &quot;%o.jxr&quot; &quot;%o&quot;"/>
  <delegate decode="ppt" command="&quot;soffice&quot; --convert-to pdf -outdir `dirname &quot;%i&quot;` &quot;%i&quot; 2&gt; &quot;%u&quot;; /usr/bin//mv &quot;%i.pdf&quot; &quot;%o&quot;"/>
  <delegate decode="pptx" command="&quot;soffice&quot; --convert-to pdf -outdir `dirname &quot;%i&quot;` &quot;%i&quot; 2&gt; &quot;%u&quot;; /usr/bin//mv &quot;%i.pdf&quot; &quot;%o&quot;"/>
  <delegate decode="ps" encode="prt" command="&quot;lpr&quot; &quot;%i&quot;"/>
  <delegate decode="ps:alpha" stealth="True" command="&quot;gs&quot; -sstdout=%%stderr -dQUIET -dSAFER -dBATCH -dNOPAUSE -dNOPROMPT -dMaxBitmap=500000000 -dAlignToPixels=0 -dGridFitTT=2 &quot;-sDEVICE=pngalpha&quot; -dTextAlphaBits=%u -dGraphicsAlphaBits=%u &quot;-r%s&quot; %s &quot;-sOutputFile=%s&quot; &quot;-f%s&quot; &quot;-f%s&quot;"/>
  <delegate decode="ps:cmyk" stealth="True" command="&quot;gs&quot; -sstdout=%%stderr -dQUIET -dSAFER -dBATCH -dNOPAUSE -dNOPROMPT -dMaxBitmap=500000000 -dAlignToPixels=0 -dGridFitTT=2 &quot;-sDEVICE=pamcmyk32&quot; -dTextAlphaBits=%u -dGraphicsAlphaBits=%u &quot;-r%s&quot; %s &quot;-sOutputFile=%s&quot; &quot;-f%s&quot; &quot;-f%s&quot;"/>
  <delegate decode="ps:color" stealth="True" command="&quot;gs&quot; -sstdout=%%stderr -dQUIET -dSAFER -dBATCH -dNOPAUSE -dNOPROMPT -dMaxBitmap=500000000 -dAlignToPixels=0 -dGridFitTT=2 &quot;-sDEVICE=png16m&quot; -dTextAlphaBits=%u -dGraphicsAlphaBits=%u &quot;-r%s&quot; %s &quot;-sOutputFile=%s&quot; &quot;-f%s&quot; &quot;-f%s&quot;"/>
  <delegate decode="ps" encode="eps" mode="bi" command="&quot;gs&quot; -sstdout=%%stderr -dQUIET -dSAFER -dBATCH -dNOPAUSE -dNOPROMPT -dMaxBitmap=500000000 -dAlignToPixels=0 -dGridFitTT=2 &quot;-sDEVICE=epswrite&quot; &quot;-sOutputFile=%o&quot; &quot;-f%i&quot;"/>
  <delegate decode="ps" encode="pdf" mode="bi" command="&quot;gs&quot; -sstdout=%%stderr -dQUIET -dSAFER -dBATCH -dNOPAUSE -dNOPROMPT -dMaxBitmap=500000000 -dAlignToPixels=0 -dGridFitTT=2 &quot;-sDEVICE=pdfwrite&quot; &quot;-sOutputFile=%o&quot; &quot;-f%i&quot;"/>
  <delegate decode="ps" encode="print" mode="encode" command="@LPRDelegateDefault@ &quot;%i&quot;"/>
  <delegate decode="ps:mono" stealth="True" command="&quot;gs&quot; -sstdout=%%stderr -dQUIET -dSAFER -dBATCH -dNOPAUSE -dNOPROMPT -dMaxBitmap=500000000 -dAlignToPixels=0 -dGridFitTT=2 &quot;-sDEVICE=pbmraw&quot; -dTextAlphaBits=%u -dGraphicsAlphaBits=%u &quot;-r%s&quot; %s &quot;-sOutputFile=%s&quot; &quot;-f%s&quot; &quot;-f%s&quot;"/>
  <delegate decode="shtml" command="&quot;html2ps&quot; -U -o &quot;%o&quot; &quot;%i&quot;"/>
  <delegate decode="sid" command="&quot;mrsidgeodecode&quot; -if sid -i &quot;%i&quot; -of tif -o &quot;%o&quot; &gt; &quot;%u&quot;"/>
  <delegate decode="svg" command="&quot;rsvg-convert&quot; -o &quot;%o&quot; &quot;%i&quot;"/>
  <!-- Change export-png to export-file for inkscape >= 1.0 -->
  <delegate decode="svg:decode" stealth="True" command="&quot;inkscape&quot; &quot;%s&quot; --export-png=&quot;%s&quot; --export-dpi=&quot;%s&quot; --export-background=&quot;%s&quot; --export-background-opacity=&quot;%s&quot; &gt; &quot;%s&quot; 2&gt;&amp;1"/>
  <delegate decode="tiff" encode="launch" mode="encode" command="&quot;gimp&quot; &quot;%i&quot;"/>
  <delegate decode="wdp" command="/usr/bin//mv &quot;%i&quot; &quot;%i.jxr&quot;; &quot;JxrDecApp&quot; -i &quot;%i.jxr&quot; -o &quot;%o.bmp&quot;; /usr/bin//mv &quot;%i.jxr&quot; &quot;%i&quot;; /usr/bin//mv &quot;%o.bmp&quot; &quot;%o&quot;"/>
  <delegate decode="webp" command="&quot;dwebp&quot; -pam &quot;%i&quot; -o &quot;%o&quot;"/>
  <delegate decode="xls" command="&quot;soffice&quot; --convert-to pdf -outdir `dirname &quot;%i&quot;` &quot;%i&quot; 2&gt; &quot;%u&quot;; /usr/bin//mv &quot;%i.pdf&quot; &quot;%o&quot;"/>
  <delegate decode="xlsx" command="&quot;soffice&quot; --convert-to pdf -outdir `dirname &quot;%i&quot;` &quot;%i&quot; 2&gt; &quot;%u&quot;; /usr/bin//mv &quot;%i.pdf&quot; &quot;%o&quot;"/>
  <delegate decode="xps:cmyk" stealth="True" command="&quot;gxps&quot; -dQUIET -dSAFER -dBATCH -dNOPAUSE -dNOPROMPT -dMaxBitmap=500000000 -dAlignToPixels=0 -dGridFitTT=2 &quot;-sDEVICE=bmpsep8&quot; -dTextAlphaBits=%u -dGraphicsAlphaBits=%u &quot;-r%s&quot; %s &quot;-sOutputFile=%s&quot; &quot;%s&quot;"/>
  <delegate decode="xps:color" stealth="True" command="&quot;gxps&quot; -dQUIET -dSAFER -dBATCH -dNOPAUSE -dNOPROMPT -dMaxBitmap=500000000 -dAlignToPixels=0 -dGridFitTT=2 &quot;-sDEVICE=ppmraw&quot; -dTextAlphaBits=%u -dGraphicsAlphaBits=%u &quot;-r%s&quot; %s &quot;-sOutputFile=%s&quot; &quot;%s&quot;"/>
  <delegate decode="xps:mono" stealth="True" command="&quot;gxps&quot; -dQUIET -dSAFER -dBATCH -dNOPAUSE -dNOPROMPT -dMaxBitmap=500000000 -dAlignToPixels=0 -dGridFitTT=2 &quot;-sDEVICE=pbmraw&quot; -dTextAlphaBits=%u -dGraphicsAlphaBits=%u &quot;-r%s&quot; %s &quot;-sOutputFile=%s&quot; &quot;%s&quot;"/>
  <delegate encode="mpeg:encode" stealth="True" command="&quot;ffmpeg&quot; -nostdin -v -1 -i &quot;%M%%d.jpg&quot; &quot;%u.%m&quot; 2&gt; &quot;%u&quot;"/>
</delegatemap>
